-- MySQL dump 10.13  Distrib 8.0.18, for Win64 (x86_64)
--
-- Host: localhost    Database: flight
-- ------------------------------------------------------
-- Server version	8.0.18

/*!40101 SET @OLD_CHARACTER_SET_CLIENT=@@CHARACTER_SET_CLIENT */;
/*!40101 SET @OLD_CHARACTER_SET_RESULTS=@@CHARACTER_SET_RESULTS */;
/*!40101 SET @OLD_COLLATION_CONNECTION=@@COLLATION_CONNECTION */;
/*!50503 SET NAMES utf8 */;
/*!40103 SET @OLD_TIME_ZONE=@@TIME_ZONE */;
/*!40103 SET TIME_ZONE='+00:00' */;
/*!40014 SET @OLD_UNIQUE_CHECKS=@@UNIQUE_CHECKS, UNIQUE_CHECKS=0 */;
/*!40014 SET @OLD_FOREIGN_KEY_CHECKS=@@FOREIGN_KEY_CHECKS, FOREIGN_KEY_CHECKS=0 */;
/*!40101 SET @OLD_SQL_MODE=@@SQL_MODE, SQL_MODE='NO_AUTO_VALUE_ON_ZERO' */;
/*!40111 SET @OLD_SQL_NOTES=@@SQL_NOTES, SQL_NOTES=0 */;

--
-- Table structure for table `administrator`
--

DROP TABLE IF EXISTS `administrator`;
/*!40101 SET @saved_cs_client     = @@character_set_client */;
/*!50503 SET character_set_client = utf8mb4 */;
CREATE TABLE `administrator` (
  `administrator_id` varchar(45) CHARACTER SET utf8mb4 COLLATE utf8mb4_0900_ai_ci NOT NULL,
  `administrator_name` varchar(45) CHARACTER SET utf8mb4 COLLATE utf8mb4_0900_ai_ci NOT NULL,
  `administrator_password` varchar(45) CHARACTER SET utf8mb4 COLLATE utf8mb4_0900_ai_ci NOT NULL,
  PRIMARY KEY (`administrator_id`) USING BTREE
) ENGINE=InnoDB DEFAULT CHARSET=utf8mb4 COLLATE=utf8mb4_0900_ai_ci ROW_FORMAT=DYNAMIC;
/*!40101 SET character_set_client = @saved_cs_client */;

--
-- Dumping data for table `administrator`
--

LOCK TABLES `administrator` WRITE;
/*!40000 ALTER TABLE `administrator` DISABLE KEYS */;
INSERT INTO `administrator` VALUES ('1','龚虹宇','12'),('2','高颖轩','');
/*!40000 ALTER TABLE `administrator` ENABLE KEYS */;
UNLOCK TABLES;

--
-- Table structure for table `endcities`
--

DROP TABLE IF EXISTS `endcities`;
/*!40101 SET @saved_cs_client     = @@character_set_client */;
/*!50503 SET character_set_client = utf8mb4 */;
CREATE TABLE `endcities` (
  `CityID` int(11) NOT NULL AUTO_INCREMENT,
  `CityName` varchar(45) CHARACTER SET utf8mb4 COLLATE utf8mb4_0900_ai_ci NOT NULL,
  PRIMARY KEY (`CityID`) USING BTREE
) ENGINE=InnoDB AUTO_INCREMENT=146 DEFAULT CHARSET=utf8mb4 COLLATE=utf8mb4_0900_ai_ci ROW_FORMAT=DYNAMIC;
/*!40101 SET character_set_client = @saved_cs_client */;

--
-- Dumping data for table `endcities`
--

LOCK TABLES `endcities` WRITE;
/*!40000 ALTER TABLE `endcities` DISABLE KEYS */;
INSERT INTO `endcities` VALUES (41,'安庆'),(42,'蚌埠'),(43,'北京'),(44,'北海'),(45,'长沙'),(46,'长春'),(47,'常州'),(48,'成都'),(49,'重庆'),(50,'大理'),(51,'大连'),(52,'大同'),(53,'大庆'),(54,'东莞'),(55,'东营'),(56,'佛山'),(57,'福州'),(58,'抚顺'),(59,'赣州'),(60,'广州'),(61,'贵阳'),(62,'哈尔滨'),(63,'海口'),(64,'邯郸'),(65,'杭州'),(66,'合肥'),(67,'菏泽'),(68,'衡阳'),(69,'呼和浩特'),(70,'湖州'),(71,'怀化'),(72,'葫芦岛'),(73,'惠州'),(74,'济南'),(75,'嘉兴'),(76,'金华'),(77,'锦州'),(78,'晋城'),(79,'九江'),(80,'开封'),(81,'昆明'),(82,'兰州'),(83,'拉萨'),(84,'乐山'),(85,'连云港'),(86,'临沂'),(87,'柳州'),(88,'洛阳'),(89,'马鞍山'),(90,'茂名'),(91,'梅州'),(92,'绵阳'),(93,'南昌'),(94,'南京'),(95,'南宁'),(96,'南通'),(97,'南阳'),(98,'宁波'),(99,'莆田'),(100,'濮阳'),(101,'青岛'),(102,'清远'),(103,'泉州'),(104,'日照'),(105,'厦门'),(106,'上海'),(107,'深圳'),(108,'沈阳'),(109,'石家庄'),(110,'绍兴'),(111,'深圳'),(112,'苏州'),(113,'泰安'),(114,'太原'),(115,'唐山'),(116,'天津'),(117,'威海'),(118,'潍坊'),(119,'温州'),(120,'无锡'),(121,'芜湖'),(122,'武汉'),(123,'西安'),(124,'厦门'),(125,'湘潭'),(126,'襄阳'),(127,'西宁'),(128,'徐州'),(129,'扬州'),(130,'盐城'),(131,'烟台'),(132,'宜宾'),(133,'宜昌'),(134,'银川'),(135,'岳阳'),(136,'湛江'),(137,'肇庆'),(138,'镇江'),(139,'郑州'),(140,'中山'),(141,'舟山'),(142,'珠海'),(143,'株洲'),(144,'淄博'),(145,'遵义');
/*!40000 ALTER TABLE `endcities` ENABLE KEYS */;
UNLOCK TABLES;

--
-- Table structure for table `flight_info`
--

DROP TABLE IF EXISTS `flight_info`;
/*!40101 SET @saved_cs_client     = @@character_set_client */;
/*!50503 SET character_set_client = utf8mb4 */;
CREATE TABLE `flight_info` (
  `flight_id` varchar(45) CHARACTER SET utf8mb4 COLLATE utf8mb4_0900_ai_ci NOT NULL,
  `flight_company` varchar(45) CHARACTER SET utf8mb4 COLLATE utf8mb4_0900_ai_ci NOT NULL,
  `startCity` varchar(45) CHARACTER SET utf8mb4 COLLATE utf8mb4_0900_ai_ci NOT NULL,
  `stopCity` varchar(45) CHARACTER SET utf8mb4 COLLATE utf8mb4_0900_ai_ci DEFAULT NULL,
  `endCity` varchar(45) CHARACTER SET utf8mb4 COLLATE utf8mb4_0900_ai_ci NOT NULL,
  `startport` varchar(45) CHARACTER SET utf8mb4 COLLATE utf8mb4_0900_ai_ci DEFAULT NULL,
  `stopport` varchar(45) CHARACTER SET utf8mb4 COLLATE utf8mb4_0900_ai_ci DEFAULT NULL,
  `endport` varchar(45) CHARACTER SET utf8mb4 COLLATE utf8mb4_0900_ai_ci DEFAULT NULL,
  `startTime` varchar(45) CHARACTER SET utf8mb4 COLLATE utf8mb4_0900_ai_ci NOT NULL,
  `endTime` varchar(45) CHARACTER SET utf8mb4 COLLATE utf8mb4_0900_ai_ci NOT NULL,
  `economyClass` int(11) DEFAULT NULL,
  `businessClass` int(11) DEFAULT NULL,
  `firstClass` int(11) DEFAULT NULL,
  `economyPrice` int(11) DEFAULT NULL,
  `businessPrice` int(11) DEFAULT NULL,
  `firstPrice` int(11) DEFAULT NULL,
  PRIMARY KEY (`flight_id`) USING BTREE
) ENGINE=InnoDB DEFAULT CHARSET=utf8mb4 COLLATE=utf8mb4_0900_ai_ci ROW_FORMAT=DYNAMIC;
/*!40101 SET character_set_client = @saved_cs_client */;

--
-- Dumping data for table `flight_info`
--

LOCK TABLES `flight_info` WRITE;
/*!40000 ALTER TABLE `flight_info` DISABLE KEYS */;
INSERT INTO `flight_info` VALUES ('3U007','四川航空','上海','重庆','北京','浦东国际机场','江北国际机场','首都国际机场','2024-12-29 20:00:00','2024-12-29 00:30:00',100,20,5,360,1080,2160),('3U017','四川航空','上海','贵阳','北京','浦东国际机场','龙洞堡国际机场','首都国际机场','2024-12-29 21:30:00','2024-12-29 01:45:00',105,21,5,410,1230,2460),('3U106','四川航空','成都',NULL,'重庆','成都双流国际机场',NULL,'重庆江北国际机场','2025-01-06 13:45:00','2025-01-06 15:00:00',130,22,7,350,700,1050),('3U107','四川航空股份有限公司','北京',NULL,'上海','北京大兴国际机场',NULL,'上海浦东国际机场','2025-01-03 13:00:00','2025-01-03 15:00:00',110,22,6,450,900,1350),('3U1212','四川航空公司','成都','重庆','悉尼','双流国际机场','江北国际机场','金斯福德·史密斯机场','2023-04-01 12:00:00','2023-04-01 18:00:00',200,50,20,700,1400,2100),('3U206','四川航空','成都',NULL,'上海','成都双流国际机场',NULL,'上海虹桥国际机场','2025-01-07 13:30:00','2025-01-07 16:00:00',160,30,10,700,1400,2100),('3U207','四川航空股份有限公司','北京',NULL,'上海','北京大兴国际机场',NULL,'上海浦东国际机场','2025-01-03 13:45:00','2025-01-03 15:45:00',115,24,7,470,950,1400),('3U234','四川航空公司','成都','重庆','昆明','成都双流国际机场','重庆江北国际机场','昆明长水国际机场','2025-01-01 13:30:00','2025-01-01 16:30:00',190,38,18,1000,2000,3000),('3U307','四川航空股份有限公司','北京',NULL,'上海','北京大兴国际机场',NULL,'上海浦东国际机场','2025-01-03 20:00:00','2025-01-03 22:00:00',120,25,9,560,1200,1750),('3U407','四川航空股份有限公司','北京',NULL,'上海','北京大兴国际机场',NULL,'上海浦东国际机场','2025-01-04 01:00:00','2025-01-04 03:00:00',120,25,11,530,1150,1700),('3U456','四川航空公司','成都','重庆','昆明','成都双流国际机场','重庆江北国际机场','昆明长水国际机场','2025-01-03 13:30:00','2025-01-03 16:30:00',190,38,18,1000,2000,3000),('3U507','四川航空股份有限公司','上海',NULL,'北京','上海浦东国际机场',NULL,'北京大兴国际机场','2025-01-03 12:00:00','2025-01-03 14:30:00',120,25,6,530,1050,1600),('3U517','四川航空股份有限公司','上海',NULL,'北京','上海浦东国际机场',NULL,'北京大兴国际机场','2025-01-03 22:00:00','2025-01-04 00:30:00',120,25,13,530,1050,1600),('3U607','四川航空股份有限公司','上海',NULL,'北京','上海浦东国际机场',NULL,'北京大兴国际机场','2025-01-04 12:00:00','2025-01-04 14:30:00',120,25,6,530,1050,1600),('3U679','四川航空股份有限公司','成都',NULL,'福州','双流国际机场',NULL,'长乐国际机场','2024-12-23 16:00:00','2024-12-23 18:30:00',70,14,3,140,400,800),('3U876','四川航空','拉萨',NULL,'沈阳','贡嘎机场',NULL,'桃仙国际机场','2025-01-01 17:55:00','2025-01-01 21:10:00',102,21,6,460,1380,2760),('9C109','春秋航空','上海',NULL,'青岛','上海虹桥国际机场',NULL,'青岛流亭国际机场','2025-01-06 16:15:00','2025-01-06 18:30:00',151,30,16,300,600,900),('9C210','春秋航空','上海',NULL,'厦门','上海虹桥国际机场',NULL,'厦门高崎国际机场','2025-01-07 16:45:00','2025-01-07 19:00:00',139,25,8,450,900,1350),('9C789','春秋航空股份有限公司','上海',NULL,'大连','浦东国际机场',NULL,'周水子国际机场','2024-12-23 17:00:00','2024-12-23 19:30:00',60,12,3,120,350,700),('AA321','美国航空公司','纽约','达拉斯','伦敦','肯尼迪国际机场','达拉斯/沃斯堡国际机场','希思罗机场','2025-01-01 14:15:00','2025-01-01 20:15:00',190,45,20,1700,3400,5100),('AC765','加拿大航空公司','多伦多','温哥华','香港','皮尔逊国际机场','温哥华国际机场','香港国际机场','2025-01-01 20:15:00','2025-01-02 04:15:00',250,75,20,2300,4600,6900),('AF104','法国航空','巴黎',NULL,'东京','戴高乐机场',NULL,'成田国际机场','2024-12-26 14:00:00','2024-12-26 23:15:00',220,36,13,1000,3000,6000),('AF567','法国航空公司','巴黎','马德里','纽约','戴高乐机场','巴拉哈斯机场','肯尼迪国际机场','2025-01-01 06:30:00','2025-01-01 14:30:00',150,30,10,900,1800,2700),('AZ567','意大利航空公司','罗马','米兰','巴黎','菲乌米奇诺机场','马尔彭萨机场','戴高乐机场','2025-01-01 18:00:00','2025-01-01 20:00:00',230,65,25,2100,4200,6300),('BA105','英国航空','伦敦',NULL,'香港','希思罗机场',NULL,'香港国际机场','2024-12-27 16:00:00','2024-12-27 07:30:00',190,32,11,850,2550,5100),('BA321','英国航空公司','伦敦','曼彻斯特','洛杉矶','希思罗机场','曼彻斯特机场','洛杉矶国际机场','2025-01-01 07:00:00','2025-01-01 16:00:00',200,50,20,1000,2000,3000),('CA001','中国国际航空公司','北京',NULL,'上海','北京首都国际机场',NULL,'上海浦东国际机场','2025-01-04 08:00:00','2025-01-04 10:30:00',150,30,10,500,1000,1500),('CA002','中国国航','上海','成都','北京','浦东国际机场','双流国际机场','首都国际机场','2024-12-24 10:00:00','2024-12-24 14:30:00',159,32,8,520,1560,3040),('CA011','中国国际航空公司','北京',NULL,'广州','北京首都国际机场',NULL,'广州白云国际机场','2025-01-05 08:30:00','2025-01-05 11:30:00',180,36,12,700,1400,2100),('CA012','中国国航','上海','天津','北京','浦东国际机场','滨海国际机场','首都国际机场','2024-12-24 11:30:00','2024-12-24 15:45:00',165,33,9,530,1590,3180),('CA101','中国国航','北京',NULL,'上海','北京首都国际机场',NULL,'上海虹桥国际机场','2025-01-06 08:00:00','2025-01-06 10:30:00',150,30,10,500,1000,1500),('CA123','中国国际航空公司','北京','上海','广州','首都国际机场','浦东国际机场','白云国际机场','2024-12-25 08:00:00','2024-12-25 11:30:00',150,30,10,500,1200,2500),('CA201','中国国航','北京',NULL,'成都','北京首都国际机场',NULL,'成都双流国际机场','2025-01-07 07:00:00','2025-01-07 10:00:00',180,40,15,800,1600,2400),('CA210','中国国际航空','上海','成都','旧金山','浦东国际机场','双流国际机场','旧金山国际机场','2024-12-30 12:45:00','2024-12-30 23:55:00',140,28,7,700,1750,3500),('CA237','中国国际航空公司','北京',NULL,'上海','首都国际机场',NULL,'浦东国际机场','2024-12-23 08:00:00','2024-12-23 10:30:00',148,30,10,300,800,1600),('CA301','中国国际航空公司','北京',NULL,'上海','北京首都国际机场',NULL,'上海浦东国际机场','2025-01-03 17:00:00','2025-01-03 19:00:00',175,35,10,680,1350,2050),('CA321','中国国际航空','重庆','西安','东京','江北国际机场','咸阳国际机场','成田国际机场','2024-12-30 20:30:00','2024-12-30 23:40:00',70,14,2,450,1100,2200),('CA345','中国国际航空','哈尔滨',NULL,'三亚','太平国际机场',NULL,'凤凰国际机场','2024-12-28 21:00:00','2024-12-28 23:30:00',50,10,2,150,600,1200),('CA401','中国国际航空公司','北京',NULL,'上海','北京首都国际机场',NULL,'上海浦东国际机场','2025-01-03 22:00:00','2025-01-04 00:00:00',170,35,11,650,1300,2000),('CA503','中国国际航空公司','上海',NULL,'北京','上海浦东国际机场',NULL,'北京首都国际机场','2025-01-03 08:00:00','2025-01-03 10:30:00',155,32,11,620,1250,1850),('CA513','中国国际航空公司','上海',NULL,'北京','上海浦东国际机场',NULL,'北京首都国际机场','2025-01-03 18:00:00','2025-01-03 20:30:00',155,32,11,620,1250,1850),('CA567','中国国航','重庆',NULL,'西安','江北国际机场',NULL,'咸阳国际机场','2025-01-01 11:45:00','2025-01-01 13:30:00',90,18,4,400,1200,2400),('CA603','中国国际航空公司','上海',NULL,'北京','上海浦东国际机场',NULL,'北京首都国际机场','2025-01-04 08:00:00','2025-01-04 10:30:00',155,32,11,620,1250,1850),('CA789','中国国际航空','上海','北京','巴黎','浦东国际机场','首都国际机场','戴高乐机场','2024-12-29 13:20:00','2024-12-29 22:20:00',140,28,5,650,1500,3000),('CA901','中国国际航空','重庆','西安','首尔','江北国际机场','咸阳国际机场','仁川国际机场','2024-12-29 21:15:00','2024-12-29 23:40:00',70,14,2,400,1000,2000),('CX876','国泰航空公司','香港','台北','温哥华','香港国际机场','桃园国际机场','温哥华国际机场','2025-01-01 12:00:00','2025-01-01 17:00:00',170,35,10,1500,3000,4500),('CZ002','中国南方航空公司','广州',NULL,'深圳','广州白云国际机场',NULL,'深圳宝安国际机场','2025-01-04 09:00:00','2025-01-04 10:20:00',120,24,9,400,800,1200),('CZ004','中国南方航空','上海','广州','北京','浦东国际机场','白云国际机场','首都国际机场','2024-12-26 14:00:00','2024-12-26 18:30:00',130,25,6,450,1350,2700),('CZ012','中国南方航空公司','深圳',NULL,'北京','深圳宝安国际机场',NULL,'北京大兴国际机场','2025-01-05 09:15:00','2025-01-05 12:15:00',160,32,8,650,1300,1950),('CZ014','中国南方航空','上海','郑州','北京','浦东国际机场','新郑国际机场','首都国际机场','2024-12-26 15:30:00','2024-12-26 19:45:00',134,27,6,470,1410,2820),('CZ102','中国南方航空公司','北京',NULL,'上海','北京大兴国际机场',NULL,'上海虹桥国际机场','2025-01-03 08:00:00','2025-01-03 10:00:00',160,32,8,650,1300,1950),('CZ103','南方航空','广州',NULL,'深圳','广州白云国际机场',NULL,'深圳宝安国际机场','2025-01-06 10:30:00','2025-01-06 11:45:00',120,19,12,300,600,900),('CZ202','中国南方航空公司','北京',NULL,'上海','北京大兴国际机场',NULL,'上海虹桥国际机场','2025-01-03 08:45:00','2025-01-03 10:45:00',165,34,9,680,1350,2000),('CZ203','南方航空','广州',NULL,'昆明','广州白云国际机场',NULL,'昆明长水国际机场','2025-01-07 09:45:00','2025-01-07 12:30:00',150,30,10,600,1200,1800),('CZ210','中国南方航空','哈尔滨','沈阳','迪拜','太平国际机场','桃仙国际机场','迪拜国际机场','2024-12-30 22:00:00','2024-12-31 01:20:00',60,12,2,400,1050,2100),('CZ234','中国南方航空','深圳',NULL,'杭州','宝安国际机场',NULL,'萧山国际机场','2025-01-01 10:30:00','2025-01-01 12:45:00',97,19,4,450,1350,2700),('CZ302','中国南方航空公司','北京',NULL,'上海','北京大兴国际机场',NULL,'上海虹桥国际机场','2025-01-03 17:30:00','2025-01-03 19:30:00',165,33,9,660,1320,2000),('CZ321','中国南方航空','广州','武汉','迪拜','白云国际机场','天河国际机场','迪拜国际机场','2024-12-29 15:45:00','2024-12-29 23:55:00',120,24,4,600,1400,2800),('CZ402','中国南方航空公司','北京',NULL,'上海','北京大兴国际机场',NULL,'上海虹桥国际机场','2025-01-03 22:30:00','2025-01-04 00:30:00',165,33,10,630,1280,1950),('CZ432','中国南方航空','广州','武汉','多伦多','白云国际机场','天河国际机场','皮尔逊国际机场','2024-12-30 14:20:00','2024-12-30 23:40:00',120,24,6,650,1600,3200),('CZ456','中国南方航空公司','成都','深圳','杭州','双流国际机场','宝安国际机场','萧山国际机场','2024-12-26 10:30:00','2024-12-26 13:45:00',120,25,5,450,1100,2200),('CZ502','中国南方航空公司','上海',NULL,'北京','上海虹桥国际机场',NULL,'北京大兴国际机场','2025-01-03 07:00:00','2025-01-03 09:30:00',140,28,9,580,1150,1700),('CZ512','中国南方航空公司','上海',NULL,'北京','上海虹桥国际机场',NULL,'北京大兴国际机场','2025-01-03 17:00:00','2025-01-03 19:30:00',140,28,9,580,1150,1700),('CZ567','中国南方航空公司','广州','深圳','杭州','广州白云国际机场','深圳宝安国际机场','杭州萧山国际机场','2025-01-03 10:15:00','2025-01-03 13:15:00',170,34,14,900,1800,2700),('CZ602','中国南方航空公司','上海',NULL,'北京','上海虹桥国际机场',NULL,'北京大兴国际机场','2025-01-04 07:00:00','2025-01-04 09:30:00',140,28,9,580,1150,1700),('CZ678','中国南方航空','沈阳',NULL,'乌鲁木齐','桃仙国际机场',NULL,'地窝堡国际机场','2024-12-28 17:00:00','2024-12-28 20:30:00',60,12,2,200,700,1400),('CZ789','中国南方航空','乌鲁木齐','哈尔滨','曼谷','地窝堡国际机场','太平国际机场','素万那普机场','2024-12-29 22:30:00','2024-12-30 01:20:00',60,12,2,350,900,1800),('CZ812','中国南方航空公司','广州',NULL,'重庆','白云国际机场',NULL,'江北国际机场','2024-12-23 10:00:00','2024-12-23 12:30:00',130,26,7,260,700,1400),('DL987','达美航空公司','亚特兰大','西雅图','东京','哈茨菲尔德-杰克逊国际机场','西雅图-塔科马国际机场','成田国际机场','2025-01-01 10:45:00','2025-01-01 22:45:00',140,30,15,1300,2600,3900),('EK103','阿联酋航空','迪拜',NULL,'纽约','迪拜国际机场',NULL,'约翰·肯尼迪国际机场','2024-12-25 12:00:00','2024-12-25 20:30:00',250,40,15,1100,3300,6600),('EK123','阿联酋航空公司','迪拜','米兰','悉尼','迪拜国际机场','马尔彭萨机场','金斯福德·史密斯机场','2025-01-01 08:30:00','2025-01-01 19:30:00',120,20,5,1100,2200,3300),('FM456','上海航空','南京','杭州','洛杉矶','禄口国际机场','萧山国际机场','洛杉矶国际机场','2024-12-29 17:10:00','2024-12-29 23:40:00',100,20,4,550,1300,2600),('FM567','上海航空','南京',NULL,'重庆','禄口国际机场',NULL,'江北国际机场','2024-12-27 21:00:00','2024-12-27 23:30:00',100,20,4,400,1100,2200),('FM876','上海航空','南京','厦门','阿姆斯特丹','禄口国际机场','高崎国际机场','史基浦机场','2024-12-30 16:00:00','2024-12-30 23:30:00',100,20,5,600,1500,3000),('G5108','华夏航空','西安',NULL,'南京','西安咸阳国际机场',NULL,'南京禄口国际机场','2025-01-06 15:00:00','2025-01-06 17:30:00',120,20,10,400,800,1200),('G5109','华夏航空','西安',NULL,'重庆','西安咸阳国际机场',NULL,'重庆江北国际机场','2025-01-07 15:30:00','2025-01-07 17:00:00',110,18,10,300,600,900),('GA109','印尼鹰航','雅加达',NULL,'阿姆斯特丹','苏卡诺-哈达国际机场',NULL,'阿姆斯特丹史基浦机场','2024-12-31 00:00:00','2024-12-31 14:25:00',250,40,16,1150,3450,6900),('GA456','印度尼西亚鹰航空公司','雅加达','新加坡','东京','苏卡诺-哈达国际机场','樟宜机场','成田国际机场','2025-01-01 16:30:00','2025-01-01 22:30:00',210,55,15,1900,3800,5700),('GJ008','长龙航空有限公司','杭州',NULL,'南京','杭州萧山国际机场',NULL,'南京禄口国际机场','2025-01-04 18:00:00','2025-01-04 19:30:00',95,19,11,325,650,975),('GJ009','长龙航空','上海','青岛','北京','浦东国际机场','流亭国际机场','首都国际机场','2024-12-31 00:00:00','2025-01-01 04:30:00',80,16,4,320,960,1920),('GJ018','长龙航空有限公司','南京',NULL,'青岛','南京禄口国际机场',NULL,'青岛流亭国际机场','2025-01-05 15:00:00','2025-01-05 16:40:00',95,19,9,375,750,1125),('GJ019','长龙航空','上海','沈阳','北京','浦东国际机场','桃仙国际机场','首都国际机场','2024-12-31 01:30:00','2025-01-01 05:45:00',84,17,4,370,1110,2220),('GJ108','长龙航空有限公司','北京',NULL,'上海','北京首都国际机场',NULL,'上海虹桥国际机场','2025-01-03 14:00:00','2025-01-03 16:00:00',88,18,8,375,750,1125),('GJ208','长龙航空有限公司','北京',NULL,'上海','北京首都国际机场',NULL,'上海虹桥国际机场','2025-01-03 14:30:00','2025-01-03 16:30:00',102,21,6,390,800,1200),('GJ308','长龙航空有限公司','北京',NULL,'上海','北京首都国际机场',NULL,'上海虹桥国际机场','2025-01-03 20:30:00','2025-01-03 22:30:00',110,23,10,540,1180,1700),('GJ408','长龙航空有限公司','北京',NULL,'上海','北京首都国际机场',NULL,'上海虹桥国际机场','2025-01-04 01:30:00','2025-01-04 03:30:00',110,23,13,510,1120,1650),('GJ456','长龙航空公司','杭州','宁波','长沙','杭州萧山国际机场','宁波栎社国际机场','长沙黄花国际机场','2025-01-01 17:15:00','2025-01-01 20:15:00',230,46,26,1200,2400,3600),('GJ457','长龙航空有限公司','杭州',NULL,'昆明','萧山国际机场',NULL,'长水国际机场','2024-12-23 14:00:00','2024-12-23 16:30:00',90,18,4,180,500,1000),('GJ508','长龙航空有限公司','上海',NULL,'北京','上海虹桥国际机场',NULL,'北京首都国际机场','2025-01-03 13:00:00','2025-01-03 15:30:00',110,23,10,510,1000,1550),('GJ518','长龙航空有限公司','上海',NULL,'北京','上海虹桥国际机场',NULL,'北京首都国际机场','2025-01-03 23:00:00','2025-01-04 01:30:00',106,23,14,510,1000,1550),('GJ567','长龙航空公司','杭州','宁波','长沙','杭州萧山国际机场','宁波栎社国际机场','长沙黄花国际机场','2025-01-03 17:15:00','2025-01-03 20:15:00',230,46,26,1200,2400,3600),('GJ608','长龙航空有限公司','上海',NULL,'北京','上海虹桥国际机场',NULL,'北京首都国际机场','2025-01-04 13:00:00','2025-01-04 15:30:00',110,23,7,510,1000,1550),('GS010','天津航空有限责任公司','天津',NULL,'西安','天津滨海国际机场',NULL,'西安咸阳国际机场','2025-01-04 20:00:00','2025-01-04 22:30:00',141,26,8,450,900,1350),('GS020','天津航空有限责任公司','天津',NULL,'长沙','天津滨海国际机场',NULL,'长沙黄花国际机场','2025-01-05 17:20:00','2025-01-05 19:50:00',96,20,13,400,800,1200),('GS110','天津航空有限责任公司','北京',NULL,'上海','北京首都国际机场',NULL,'上海虹桥国际机场','2025-01-03 16:00:00','2025-01-03 18:00:00',100,19,10,400,800,1200),('GS210','天津航空有限责任公司','北京',NULL,'上海','北京首都国际机场',NULL,'上海虹桥国际机场','2025-01-03 16:45:00','2025-01-03 18:45:00',105,22,9,410,850,1250),('GS310','天津航空有限责任公司','北京',NULL,'上海','北京首都国际机场',NULL,'上海虹桥国际机场','2025-01-03 21:30:00','2025-01-03 23:30:00',150,32,9,600,1280,1900),('GS321','天津航空公司','天津','大连','西安','天津滨海国际机场','大连周水子国际机场','西安咸阳国际机场','2025-01-01 16:30:00','2025-01-01 19:30:00',220,44,24,1150,2300,3450),('GS410','天津航空有限责任公司','北京',NULL,'上海','北京首都国际机场',NULL,'上海虹桥国际机场','2025-01-04 02:30:00','2025-01-04 04:30:00',150,32,10,620,1280,1950),('GS432','天津航空','天津',NULL,'长沙','滨海国际机场',NULL,'黄花国际机场','2024-12-28 11:00:00','2024-12-28 13:30:00',80,15,3,300,900,1800),('GS510','天津航空有限责任公司','上海',NULL,'北京','上海虹桥国际机场',NULL,'北京首都国际机场','2025-01-03 15:00:00','2025-01-03 17:30:00',150,32,10,570,1150,1750),('GS520','天津航空有限责任公司','上海',NULL,'北京','上海虹桥国际机场',NULL,'北京首都国际机场','2025-01-03 01:00:00','2025-01-04 03:30:00',150,32,10,570,1150,1750),('GS610','天津航空有限责任公司','上海',NULL,'北京','上海虹桥国际机场',NULL,'北京首都国际机场','2025-01-04 15:00:00','2025-01-04 17:30:00',150,32,10,570,1150,1750),('GS789','天津航空公司','天津','大连','西安','天津滨海国际机场','大连周水子国际机场','西安咸阳国际机场','2025-01-03 16:30:00','2025-01-03 19:30:00',220,44,24,1150,2300,3450),('GX789','广西航空','南宁',NULL,'昆明','吴圩国际机场',NULL,'长水国际机场','2025-01-01 15:30:00','2025-01-01 17:20:00',95,19,5,420,1280,2560),('HU003','海南航空','上海','深圳','北京','浦东国际机场','宝安国际机场','首都国际机场','2024-12-25 12:00:00','2024-12-25 16:30:00',139,28,5,480,1440,2880),('HU004','海南航空控股股份有限公司','海口',NULL,'厦门','海口美兰国际机场',NULL,'厦门高崎国际机场','2025-01-04 12:30:00','2025-01-04 14:50:00',100,20,5,350,700,1050),('HU013','海南航空','上海','长沙','北京','浦东国际机场','黄花国际机场','首都国际机场','2024-12-25 13:30:00','2024-12-25 17:45:00',144,28,7,490,1470,2940),('HU014','海南航空控股股份有限公司','海口',NULL,'哈尔滨','海口美兰国际机场',NULL,'哈尔滨太平国际机场','2025-01-05 11:30:00','2025-01-05 15:45:00',140,28,7,550,1100,1650),('HU101','海南航空公司','海口','三亚','杭州','海口美兰国际机场','三亚凤凰国际机场','杭州萧山国际机场','2025-01-01 11:45:00','2025-01-01 14:45:00',180,36,16,950,1900,2850),('HU1011','海南航空公司','海口','成都','东京','美兰国际机场','双流国际机场','成田国际机场','2023-04-01 11:30:00','2023-04-01 16:30:00',100,25,10,450,900,1350),('HU104','海南航空','海口',NULL,'成都','海口美兰国际机场',NULL,'成都双流国际机场','2025-01-06 11:00:00','2025-01-06 14:00:00',160,35,12,550,1100,1650),('HU2014','海南航空控股股份有限公司','海口',NULL,'西安','美兰国际机场',NULL,'咸阳国际机场','2024-12-23 11:00:00','2024-12-23 13:30:00',120,24,6,240,650,1300),('HU204','海南航空','海口',NULL,'杭州','海口美兰国际机场',NULL,'杭州萧山国际机场','2025-01-07 11:00:00','2025-01-07 13:30:00',140,25,8,500,1000,1500),('HU304','海南航空控股股份有限公司','北京',NULL,'上海','北京首都国际机场',NULL,'上海虹桥国际机场','2025-01-03 18:30:00','2025-01-03 20:30:00',145,30,7,620,1280,1900),('HU321','海南航空','海口','杭州','法兰克福','美兰国际机场','萧山国际机场','法兰克福机场','2024-12-30 10:15:00','2024-12-30 23:50:00',160,32,8,750,1850,3700),('HU404','海南航空控股股份有限公司','北京',NULL,'上海','北京首都国际机场',NULL,'上海虹桥国际机场','2025-01-03 23:30:00','2025-01-04 01:30:00',145,30,8,590,1230,1850),('HU504','海南航空控股股份有限公司','上海',NULL,'北京','上海虹桥国际机场',NULL,'北京首都国际机场','2025-01-03 09:00:00','2025-01-03 11:30:00',145,30,9,600,1200,1800),('HU514','海南航空控股股份有限公司','上海',NULL,'北京','上海虹桥国际机场',NULL,'北京首都国际机场','2025-01-03 19:00:00','2025-01-03 21:30:00',145,29,10,600,1200,1800),('HU604','海南航空控股股份有限公司','上海',NULL,'北京','上海虹桥国际机场',NULL,'北京首都国际机场','2025-01-04 09:00:00','2025-01-04 11:30:00',145,30,10,600,1200,1800),('HU765','海南航空','上海',NULL,'深圳','浦东国际机场',NULL,'宝安国际机场','2024-12-27 12:00:00','2024-12-27 14:30:00',160,35,8,550,1400,2800),('HU890','海南航空','海口','广州','悉尼','美兰国际机场','白云国际机场','金斯福德·史密斯机场','2024-12-29 11:00:00','2024-12-29 23:45:00',160,30,6,700,1600,3200),('HX101','香港航空','香港',NULL,'悉尼','香港国际机场',NULL,'金斯福德·史密斯机场','2024-12-23 08:00:00','2024-12-23 21:30:00',180,30,10,800,2400,4800),('IB890','西班牙伊比利亚航空公司','马德里','巴塞罗那','布宜诺斯艾利斯','巴拉哈斯机场','巴塞罗那机场','埃塞萨皮斯塔里尼部长国际机场','2025-01-01 19:30:00','2025-01-01 23:30:00',240,70,30,2200,4400,6600),('KE108','大韩航空','首尔',NULL,'芝加哥','仁川国际机场',NULL,'奥黑尔国际机场','2024-12-30 22:00:00','2024-12-30 18:10:00',240,39,15,1100,3300,6600),('KE654','大韩航空公司','首尔','釜山','新加坡','仁川国际机场','金海国际机场','樟宜机场','2025-01-01 11:30:00','2025-01-01 15:30:00',160,35,10,1400,2800,4200),('KY010','昆明航空','上海','西安','北京','浦东国际机场','咸阳国际机场','首都国际机场','2025-01-01 02:00:00','2025-01-01 06:30:00',87,16,4,330,990,1980),('KY020','昆明航空','上海','兰州','北京','浦东国际机场','中川国际机场','首都国际机场','2025-01-01 03:30:00','2025-01-01 07:45:00',90,18,4,380,1140,2280),('KY123','昆明航空','贵阳',NULL,'武汉','龙洞堡国际机场',NULL,'天河国际机场','2025-01-01 16:45:00','2025-01-01 18:40:00',85,17,4,380,1140,2280),('KY568','昆明航空有限公司','昆明',NULL,'南京','长水国际机场',NULL,'禄口国际机场','2024-12-23 15:00:00','2024-12-23 17:30:00',80,16,4,160,450,900),('KY890','昆明航空','昆明',NULL,'西安','长水国际机场',NULL,'咸阳国际机场','2024-12-28 08:00:00','2024-12-28 10:30:00',90,18,3,350,1000,2000),('LH106','汉莎航空','法兰克福',NULL,'洛杉矶','法兰克福机场',NULL,'洛杉矶国际机场','2024-12-28 18:00:00','2024-12-28 22:45:00',210,34,12,950,2850,5700),('LH789','汉莎航空公司','法兰克福','慕尼黑','北京','法兰克福机场','慕尼黑机场','首都国际机场','2025-01-01 05:00:00','2025-01-01 10:00:00',180,40,15,800,1600,2400),('LL666','厦门航空','上海',NULL,'北京',NULL,NULL,NULL,'2024-12-23 12:00:00','2024-12-23 16:00:00',NULL,NULL,NULL,NULL,NULL,NULL),('MF005','厦门航空','上海','厦门','北京','浦东国际机场','高崎国际机场','首都国际机场','2024-12-27 16:00:00','2024-12-27 20:30:00',120,24,6,400,1200,2400),('MF015','厦门航空','上海','福州','北京','浦东国际机场','长乐国际机场','首都国际机场','2024-12-27 17:30:00','2024-12-27 21:45:00',125,25,6,450,1350,2700),('MF105','厦门航空','厦门',NULL,'杭州','厦门高崎国际机场',NULL,'杭州萧山国际机场','2025-01-06 12:30:00','2025-01-06 14:15:00',142,25,8,400,800,1200),('MF205','厦门航空','厦门',NULL,'深圳','厦门高崎国际机场',NULL,'深圳宝安国际机场','2025-01-07 12:15:00','2025-01-07 13:45:00',120,20,10,400,800,1200),('MF305','厦门航空有限公司','北京',NULL,'上海','北京大兴国际机场',NULL,'上海浦东国际机场','2025-01-03 19:00:00','2025-01-03 21:00:00',135,28,12,600,1250,1850),('MF316','厦门航空有限公司','厦门',NULL,'青岛','高崎国际机场',NULL,'流亭国际机场','2024-12-23 13:00:00','2024-12-23 15:30:00',100,20,5,200,550,1100),('MF321','厦门航空','福州',NULL,'南京','长乐国际机场',NULL,'禄口国际机场','2025-01-01 13:00:00','2025-01-01 14:40:00',80,16,4,350,1100,2200),('MF405','厦门航空有限公司','北京',NULL,'上海','北京大兴国际机场',NULL,'上海浦东国际机场','2025-01-04 00:00:00','2025-01-04 02:00:00',135,28,7,570,1200,1800),('MF505','厦门航空有限公司','上海',NULL,'北京','上海浦东国际机场',NULL,'北京大兴国际机场','2025-01-03 10:00:00','2025-01-03 12:30:00',135,28,8,570,1150,1700),('MF515','厦门航空有限公司','上海',NULL,'北京','上海浦东国际机场',NULL,'北京大兴国际机场','2025-01-03 20:00:00','2025-01-03 22:30:00',135,28,8,570,1150,1700),('MF567','厦门航空公司','厦门','福州','南京','厦门高崎国际机场','福州长乐国际机场','南京禄口国际机场','2025-01-01 14:15:00','2025-01-01 17:15:00',200,40,20,1050,2100,3150),('MF605','厦门航空有限公司','上海',NULL,'北京','上海浦东国际机场',NULL,'北京大兴国际机场','2025-01-04 10:00:00','2025-01-04 12:30:00',135,28,8,570,1150,1700),('MF678','厦门航空公司','厦门','福州','南京','厦门高崎国际机场','福州长乐国际机场','南京禄口国际机场','2025-01-03 14:15:00','2025-01-03 17:15:00',200,40,20,1050,2100,3150),('MF987','厦门航空','福州',NULL,'武汉','长乐国际机场',NULL,'天河国际机场','2024-12-28 14:00:00','2024-12-28 16:30:00',70,14,2,250,800,1600),('MH987','马来西亚航空公司','吉隆坡','雅加达','悉尼','吉隆坡国际机场','苏卡诺-哈达国际机场','金斯福德·史密斯机场','2025-01-01 15:45:00','2025-01-01 21:45:00',200,50,25,1800,3600,5400),('MU001','东方航空','上海','武汉','北京','浦东国际机场','天河国际机场','首都国际机场','2024-12-23 08:00:00','2024-12-23 12:30:00',149,30,10,500,1500,3000),('MU003','中国东方航空公司','上海',NULL,'成都','上海虹桥国际机场',NULL,'成都双流国际机场','2025-01-04 11:00:00','2025-01-04 14:00:00',180,36,12,600,1200,1800),('MU011','东方航空','上海','南京','北京','浦东国际机场','禄口国际机场','首都国际机场','2024-12-23 09:30:00','2024-12-23 13:45:00',155,31,8,510,1520,3040),('MU013','中国东方航空公司','上海',NULL,'昆明','上海浦东国际机场',NULL,'昆明长水国际机场','2025-01-05 10:45:00','2025-01-05 14:30:00',150,30,10,600,1200,1800),('MU102','东方航空','上海',NULL,'广州','上海浦东国际机场',NULL,'广州白云国际机场','2025-01-06 09:15:00','2025-01-06 12:00:00',180,40,15,600,1200,1800),('MU103','中国东方航空公司','北京',NULL,'上海','北京首都国际机场',NULL,'上海浦东国际机场','2025-01-03 09:00:00','2025-01-03 11:00:00',150,30,10,600,1200,1800),('MU202','东方航空','上海',NULL,'北京','上海浦东国际机场',NULL,'北京首都国际机场','2025-01-07 08:30:00','2025-01-07 11:00:00',162,35,10,700,1400,2100),('MU203','中国东方航空公司','北京',NULL,'上海','北京首都国际机场',NULL,'上海浦东国际机场','2025-01-03 09:30:00','2025-01-03 11:30:00',155,32,11,620,1250,1850),('MU234','东方航空','北京','上海','纽约','首都国际机场','浦东国际机场','肯尼迪国际机场','2024-12-29 07:00:00','2024-12-29 21:00:00',200,40,10,800,2000,4000),('MU303','中国东方航空公司','北京',NULL,'上海','北京首都国际机场',NULL,'上海浦东国际机场','2025-01-03 18:00:00','2025-01-03 20:00:00',155,32,8,640,1300,1950),('MU403','中国东方航空公司','北京',NULL,'上海','北京首都国际机场',NULL,'上海浦东国际机场','2025-01-03 23:00:00','2025-01-04 01:00:00',155,32,9,610,1250,1900),('MU456','中国东方航空公司','上海','广州','伦敦','浦东国际机场','白云国际机场','希思罗机场','2023-04-01 09:30:00','2023-04-01 22:30:00',180,40,15,600,1200,1800),('MU501','中国东方航空公司','上海',NULL,'北京','上海浦东国际机场',NULL,'北京首都国际机场','2025-01-03 06:00:00','2025-01-03 08:30:00',150,30,10,600,1200,1800),('MU511','中国东方航空公司','上海',NULL,'北京','上海浦东国际机场',NULL,'北京首都国际机场','2025-01-03 16:00:00','2025-01-03 18:30:00',150,29,10,600,1200,1800),('MU543','东方航空','青岛','大连','大阪','流亭国际机场','周水子国际机场','关西国际机场','2024-12-30 17:30:00','2024-12-30 23:15:00',90,18,4,550,1400,2800),('MU569','中国东方航空公司','上海',NULL,'北京','浦东国际机场',NULL,'首都国际机场','2024-12-23 09:00:00','2024-12-23 11:30:00',135,28,8,280,750,1500),('MU601','中国东方航空公司','上海',NULL,'北京','上海浦东国际机场',NULL,'北京首都国际机场','2025-01-04 06:00:00','2025-01-04 08:30:00',150,30,10,600,1200,1800),('MU654','东方航空','青岛','沈阳','东京','流亭国际机场','桃仙国际机场','成田国际机场','2024-12-29 18:30:00','2024-12-29 23:15:00',90,18,3,500,1200,2400),('MU789','东方航空','北京',NULL,'成都','首都国际机场',NULL,'双流国际机场','2024-12-27 09:00:00','2024-12-27 11:30:00',180,40,10,600,1500,3000),('MU890','东方航空','上海',NULL,'成都','浦东国际机场',NULL,'双流国际机场','2025-01-01 09:15:00','2025-01-01 12:00:00',150,30,8,600,1800,3600),('MU987','东方航空','北京','广州','墨尔本','首都国际机场','白云国际机场','墨尔本机场','2024-12-30 06:00:00','2024-12-30 21:30:00',200,40,10,850,2100,4200),('QR107','卡塔尔航空','多哈',NULL,'墨尔本','哈马德国际机场',NULL,'墨尔本机场','2024-12-29 20:00:00','2024-12-29 13:20:00',230,38,14,1050,3150,6300),('QR456','卡塔尔航空公司','多哈','伊斯坦布尔','芝加哥','哈马德国际机场','阿塔图尔克机场','奥黑尔国际机场','2025-01-01 09:15:00','2025-01-01 21:15:00',130,25,10,1200,2400,3600),('SC009','山东航空股份有限公司','济南',NULL,'青岛','济南遥墙国际机场',NULL,'青岛流亭国际机场','2025-01-04 19:00:00','2025-01-04 20:20:00',80,16,8,250,500,750),('SC019','山东航空股份有限公司','济南',NULL,'乌鲁木齐','济南遥墙国际机场',NULL,'乌鲁木齐地窝堡国际机场','2025-01-05 16:30:00','2025-01-05 21:00:00',150,30,8,600,1200,1800),('SC109','山东航空股份有限公司','北京',NULL,'上海','北京大兴国际机场',NULL,'上海浦东国际机场','2025-01-03 15:00:00','2025-01-03 17:00:00',150,30,8,600,1200,1800),('SC110','山东航空','济南',NULL,'昆明','济南遥墙国际机场',NULL,'昆明长水国际机场','2025-01-06 17:00:00','2025-01-06 20:30:00',170,35,12,500,1000,1500),('SC209','山东航空股份有限公司','北京',NULL,'上海','北京大兴国际机场',NULL,'上海浦东国际机场','2025-01-03 15:15:00','2025-01-03 17:15:00',160,33,9,630,1280,1900),('SC211','山东航空','济南',NULL,'广州','济南遥墙国际机场',NULL,'广州白云国际机场','2025-01-07 17:30:00','2025-01-07 20:30:00',150,30,10,600,1200,1800),('SC309','山东航空股份有限公司','北京',NULL,'上海','北京大兴国际机场',NULL,'上海浦东国际机场','2025-01-03 21:00:00','2025-01-03 23:00:00',160,34,10,620,1300,1950),('SC321','山东航空','青岛',NULL,'厦门','流亭国际机场',NULL,'高崎国际机场','2024-12-27 18:00:00','2024-12-27 20:30:00',120,25,5,450,1200,2400),('SC409','山东航空股份有限公司','北京',NULL,'上海','北京大兴国际机场',NULL,'上海浦东国际机场','2025-01-04 02:00:00','2025-01-04 04:00:00',160,34,12,640,1300,2000),('SC509','山东航空股份有限公司','上海',NULL,'北京','上海浦东国际机场',NULL,'北京大兴国际机场','2025-01-03 14:00:00','2025-01-03 16:30:00',160,34,12,590,1200,1800),('SC519','山东航空股份有限公司','上海',NULL,'北京','上海浦东国际机场',NULL,'北京大兴国际机场','2025-01-03 00:00:00','2025-01-04 02:30:00',160,34,12,590,1200,1800),('SC609','山东航空股份有限公司','上海',NULL,'北京','上海浦东国际机场',NULL,'北京大兴国际机场','2025-01-04 14:00:00','2025-01-04 16:30:00',160,34,10,590,1200,1800),('SQ102','新加坡航空','新加坡',NULL,'伦敦','樟宜机场',NULL,'希思罗机场','2024-12-24 10:00:00','2024-12-24 23:45:00',200,35,12,900,2700,5400),('SQ543','新加坡航空公司','新加坡','吉隆坡','墨尔本','樟宜机场','吉隆坡国际机场','墨尔本机场','2025-01-01 13:30:00','2025-01-01 19:30:00',180,40,15,1600,3200,4800),('SZ321','深圳航空公司','深圳','杭州','迪拜','宝安国际机场','萧山国际机场','迪拜国际机场','2023-04-01 13:30:00','2023-04-01 21:30:00',150,30,10,800,1600,2400),('TK110','土耳其航空','伊斯坦布尔',NULL,'圣保罗','阿塔图尔克机场',NULL,'瓜鲁柳斯国际机场','2025-01-01 02:00:00','2025-01-01 16:40:00',260,42,17,1200,3600,7200),('TK123','土耳其航空公司','伊斯坦布尔','阿姆斯特丹','纽约','阿塔图尔克机场','阿姆斯特丹机场','肯尼迪国际机场','2025-01-01 17:15:00','2025-01-01 23:15:00',220,60,20,2000,4000,6000),('TV008','西藏航空','上海','昆明','北京','浦东国际机场','长水国际机场','首都国际机场','2024-12-30 22:00:00','2024-12-31 02:30:00',90,18,4,340,1020,2040),('TV018','西藏航空','上海','哈尔滨','北京','浦东国际机场','太平国际机场','首都国际机场','2024-12-30 23:30:00','2024-12-31 03:45:00',95,19,4,390,1170,2340),('TV654','西藏航空公司','拉萨','成都','西安','拉萨贡嘎机场','成都双流国际机场','西安咸阳国际机场','2025-01-01 18:00:00','2025-01-01 21:00:00',240,48,28,1250,2500,3750),('TV890','西藏航空公司','拉萨','成都','西安','拉萨贡嘎机场','成都双流国际机场','西安咸阳国际机场','2025-01-03 18:00:00','2025-01-03 21:00:00',240,48,28,1250,2500,3750),('TV987','西藏航空','乌鲁木齐',NULL,'济南','地窝堡国际机场',NULL,'遥墙国际机场','2025-01-01 19:10:00','2025-01-01 22:00:00',90,18,5,400,1200,2400),('ZH006','深圳航空','上海','杭州','北京','浦东国际机场','萧山国际机场','首都国际机场','2024-12-28 18:00:00','2024-12-28 22:30:00',110,22,5,380,1140,2280),('ZH016','深圳航空','上海','济南','北京','浦东国际机场','遥墙国际机场','首都国际机场','2024-12-28 19:30:00','2024-12-28 23:45:00',115,23,5,430,1290,2580),('ZH106','深圳航空有限责任公司','北京',NULL,'上海','北京首都国际机场',NULL,'上海虹桥国际机场','2025-01-03 12:00:00','2025-01-03 14:00:00',130,26,7,525,1050,1575),('ZH107','深圳航空','深圳',NULL,'武汉','深圳宝安国际机场',NULL,'武汉天河国际机场','2025-01-06 14:20:00','2025-01-06 16:30:00',146,30,10,450,900,1350),('ZH123','深圳航空','厦门','福州','新加坡','高崎国际机场','长乐国际机场','樟宜机场','2024-12-29 20:00:00','2024-12-29 23:50:00',80,16,3,450,1100,2200),('ZH206','深圳航空有限责任公司','北京',NULL,'上海','北京首都国际机场',NULL,'上海虹桥国际机场','2025-01-03 12:30:00','2025-01-03 14:30:00',135,28,8,540,1100,1650),('ZH207','深圳航空','深圳',NULL,'西安','深圳宝安国际机场',NULL,'西安咸阳国际机场','2025-01-07 14:45:00','2025-01-07 17:15:00',130,22,7,550,1100,1650),('ZH234','深圳航空','广州',NULL,'杭州','白云国际机场',NULL,'萧山国际机场','2024-12-27 15:00:00','2024-12-27 17:30:00',140,30,6,500,1300,2600),('ZH247','深圳航空有限责任公司','深圳',NULL,'长沙','宝安国际机场',NULL,'黄花国际机场','2024-12-23 12:00:00','2024-12-23 14:30:00',110,22,5,220,600,1200),('ZH306','深圳航空有限责任公司','北京',NULL,'上海','北京首都国际机场',NULL,'上海虹桥国际机场','2025-01-03 19:30:00','2025-01-03 21:30:00',130,27,10,580,1220,1800),('ZH406','深圳航空有限责任公司','北京',NULL,'上海','北京首都国际机场',NULL,'上海虹桥国际机场','2025-01-04 00:30:00','2025-01-04 02:30:00',130,27,9,550,1180,1750),('ZH456','深圳航空','青岛',NULL,'长沙','流亭国际机场',NULL,'黄花国际机场','2025-01-01 14:15:00','2025-01-01 16:50:00',110,22,6,480,1440,2880),('ZH506','深圳航空有限责任公司','上海',NULL,'北京','上海虹桥国际机场',NULL,'北京首都国际机场','2025-01-03 11:00:00','2025-01-03 13:30:00',130,27,7,550,1100,1650),('ZH516','深圳航空有限责任公司','上海',NULL,'北京','上海虹桥国际机场',NULL,'北京首都国际机场','2025-01-03 21:00:00','2025-01-03 23:30:00',130,27,7,550,1100,1650),('ZH567','深圳航空','深圳','成都','伦敦','宝安国际机场','双流国际机场','希思罗机场','2024-12-29 09:30:00','2024-12-29 23:30:00',180,35,8,750,1800,3600),('ZH606','深圳航空有限责任公司','上海',NULL,'北京','上海虹桥国际机场',NULL,'北京首都国际机场','2025-01-04 11:00:00','2025-01-04 13:30:00',130,27,7,550,1100,1650),('ZH654','深圳航空','深圳','昆明','温哥华','宝安国际机场','长水国际机场','温哥华国际机场','2024-12-30 08:30:00','2024-12-30 22:45:00',180,36,9,800,1950,3900),('ZH765','深圳航空','福州','长沙','吉隆坡','长乐国际机场','黄花国际机场','吉隆坡国际机场','2024-12-30 19:00:00','2024-12-30 23:50:00',80,16,3,500,1250,2500),('ZH890','深圳航空公司','深圳','武汉','青岛','深圳宝安国际机场','武汉天河国际机场','青岛流亭国际机场','2025-01-01 15:45:00','2025-01-01 18:45:00',210,42,22,1100,2200,3350);
/*!40000 ALTER TABLE `flight_info` ENABLE KEYS */;
UNLOCK TABLES;

--
-- Table structure for table `other_passenger`
--

DROP TABLE IF EXISTS `other_passenger`;
/*!40101 SET @saved_cs_client     = @@character_set_client */;
/*!50503 SET character_set_client = utf8mb4 */;
CREATE TABLE `other_passenger` (
  `num` int(11) NOT NULL AUTO_INCREMENT,
  `id` varchar(45) CHARACTER SET utf8mb4 COLLATE utf8mb4_0900_ai_ci DEFAULT NULL,
  `other_id` varchar(45) CHARACTER SET utf8mb4 COLLATE utf8mb4_0900_ai_ci DEFAULT NULL,
  `other_name` varchar(45) CHARACTER SET utf8mb4 COLLATE utf8mb4_0900_ai_ci DEFAULT NULL,
  PRIMARY KEY (`num`) USING BTREE,
  KEY `id` (`id`) USING BTREE,
  CONSTRAINT `other_passenger_ibfk_1` FOREIGN KEY (`id`) REFERENCES `passenger` (`passenger_id`) ON DELETE RESTRICT ON UPDATE RESTRICT
) ENGINE=InnoDB AUTO_INCREMENT=11 DEFAULT CHARSET=utf8mb4 COLLATE=utf8mb4_0900_ai_ci ROW_FORMAT=DYNAMIC;
/*!40101 SET character_set_client = @saved_cs_client */;

--
-- Dumping data for table `other_passenger`
--

LOCK TABLES `other_passenger` WRITE;
/*!40000 ALTER TABLE `other_passenger` DISABLE KEYS */;
INSERT INTO `other_passenger` VALUES (2,'1','123214224','砰砰砰'),(5,'1','131324','jfgj'),(10,'11111111112','11111111113','csh');
/*!40000 ALTER TABLE `other_passenger` ENABLE KEYS */;
UNLOCK TABLES;

--
-- Table structure for table `passenger`
--

DROP TABLE IF EXISTS `passenger`;
/*!40101 SET @saved_cs_client     = @@character_set_client */;
/*!50503 SET character_set_client = utf8mb4 */;
CREATE TABLE `passenger` (
  `passenger_id` varchar(45) CHARACTER SET utf8mb4 COLLATE utf8mb4_0900_ai_ci NOT NULL,
  `passenger_name` varchar(45) CHARACTER SET utf8mb4 COLLATE utf8mb4_0900_ai_ci NOT NULL,
  `passenger_rank` varchar(45) CHARACTER SET utf8mb4 COLLATE utf8mb4_0900_ai_ci DEFAULT '1',
  `passenger_password` varchar(45) CHARACTER SET utf8mb4 COLLATE utf8mb4_0900_ai_ci NOT NULL,
  `passenger_nickname` varchar(45) CHARACTER SET utf8mb4 COLLATE utf8mb4_0900_ai_ci DEFAULT NULL,
  `passenger_biethday` varchar(45) CHARACTER SET utf8mb4 COLLATE utf8mb4_0900_ai_ci DEFAULT NULL,
  PRIMARY KEY (`passenger_id`) USING BTREE
) ENGINE=InnoDB DEFAULT CHARSET=utf8mb4 COLLATE=utf8mb4_0900_ai_ci ROW_FORMAT=DYNAMIC;
/*!40101 SET character_set_client = @saved_cs_client */;

--
-- Dumping data for table `passenger`
--

LOCK TABLES `passenger` WRITE;
/*!40000 ALTER TABLE `passenger` DISABLE KEYS */;
INSERT INTO `passenger` VALUES ('0000000','高颖轩','1','123','用户',''),('1','QT好难','Svip','1','快做QT','2000-01-05'),('110','警察','1','000','用户2154','2000-01-03'),('11111111112','csy','1','1234','用户5011',NULL),('123214224','砰砰砰','1','123','yyy',''),('12345678901','莫某某','1','1231','用户3563',NULL),('12345678902','鸡腿','1','1','用户3290',NULL),('12345678912','12345678912','1','1','用户0985',NULL),('131324','jfgj','VIP','1','两',''),('24364537','hngnm','Vip','abcdefg','镜',''),('32444','叉烧','1','123','用户9685',NULL),('433546534','123','1','111','用户9809',''),('5643','省份','1','789','用户6860',NULL),('678','开心',NULL,'234','用户4241',NULL),('987','该合同','1','000','435','');
/*!40000 ALTER TABLE `passenger` ENABLE KEYS */;
UNLOCK TABLES;

--
-- Table structure for table `startcities`
--

DROP TABLE IF EXISTS `startcities`;
/*!40101 SET @saved_cs_client     = @@character_set_client */;
/*!50503 SET character_set_client = utf8mb4 */;
CREATE TABLE `startcities` (
  `CityID` int(11) NOT NULL AUTO_INCREMENT,
  `CityName` varchar(45) CHARACTER SET utf8mb4 COLLATE utf8mb4_0900_ai_ci DEFAULT NULL,
  PRIMARY KEY (`CityID`) USING BTREE
) ENGINE=InnoDB AUTO_INCREMENT=146 DEFAULT CHARSET=utf8mb4 COLLATE=utf8mb4_0900_ai_ci ROW_FORMAT=DYNAMIC;
/*!40101 SET character_set_client = @saved_cs_client */;

--
-- Dumping data for table `startcities`
--

LOCK TABLES `startcities` WRITE;
/*!40000 ALTER TABLE `startcities` DISABLE KEYS */;
INSERT INTO `startcities` VALUES (41,'安庆'),(42,'蚌埠'),(43,'北京'),(44,'北海'),(45,'长沙'),(46,'长春'),(47,'常州'),(48,'成都'),(49,'重庆'),(50,'大理'),(51,'大连'),(52,'大同'),(53,'大庆'),(54,'东莞'),(55,'东营'),(56,'佛山'),(57,'福州'),(58,'抚顺'),(59,'赣州'),(60,'广州'),(61,'贵阳'),(62,'哈尔滨'),(63,'海口'),(64,'邯郸'),(65,'杭州'),(66,'合肥'),(67,'菏泽'),(68,'衡阳'),(69,'呼和浩特'),(70,'湖州'),(71,'怀化'),(72,'葫芦岛'),(73,'惠州'),(74,'济南'),(75,'嘉兴'),(76,'金华'),(77,'锦州'),(78,'晋城'),(79,'九江'),(80,'开封'),(81,'昆明'),(82,'兰州'),(83,'拉萨'),(84,'乐山'),(85,'连云港'),(86,'临沂'),(87,'柳州'),(88,'洛阳'),(89,'马鞍山'),(90,'茂名'),(91,'梅州'),(92,'绵阳'),(93,'南昌'),(94,'南京'),(95,'南宁'),(96,'南通'),(97,'南阳'),(98,'宁波'),(99,'莆田'),(100,'濮阳'),(101,'青岛'),(102,'清远'),(103,'泉州'),(104,'日照'),(105,'厦门'),(106,'上海'),(107,'深圳'),(108,'沈阳'),(109,'石家庄'),(110,'绍兴'),(111,'深圳'),(112,'苏州'),(113,'泰安'),(114,'太原'),(115,'唐山'),(116,'天津'),(117,'威海'),(118,'潍坊'),(119,'温州'),(120,'无锡'),(121,'芜湖'),(122,'武汉'),(123,'西安'),(124,'厦门'),(125,'湘潭'),(126,'襄阳'),(127,'西宁'),(128,'徐州'),(129,'扬州'),(130,'盐城'),(131,'烟台'),(132,'宜宾'),(133,'宜昌'),(134,'银川'),(135,'岳阳'),(136,'湛江'),(137,'肇庆'),(138,'镇江'),(139,'郑州'),(140,'中山'),(141,'舟山'),(142,'珠海'),(143,'株洲'),(144,'淄博'),(145,'遵义');
/*!40000 ALTER TABLE `startcities` ENABLE KEYS */;
UNLOCK TABLES;

--
-- Table structure for table `stopcities`
--

DROP TABLE IF EXISTS `stopcities`;
/*!40101 SET @saved_cs_client     = @@character_set_client */;
/*!50503 SET character_set_client = utf8mb4 */;
CREATE TABLE `stopcities` (
  `cityID` int(11) NOT NULL AUTO_INCREMENT,
  `cityName` varchar(45) CHARACTER SET utf8mb4 COLLATE utf8mb4_0900_ai_ci NOT NULL,
  PRIMARY KEY (`cityID`) USING BTREE
) ENGINE=InnoDB AUTO_INCREMENT=186 DEFAULT CHARSET=utf8mb4 COLLATE=utf8mb4_0900_ai_ci ROW_FORMAT=DYNAMIC;
/*!40101 SET character_set_client = @saved_cs_client */;

--
-- Dumping data for table `stopcities`
--

LOCK TABLES `stopcities` WRITE;
/*!40000 ALTER TABLE `stopcities` DISABLE KEYS */;
INSERT INTO `stopcities` VALUES (81,'安庆'),(82,'蚌埠'),(83,'北京'),(84,'北海'),(85,'长沙'),(86,'长春'),(87,'常州'),(88,'成都'),(89,'重庆'),(90,'大理'),(91,'大连'),(92,'大同'),(93,'大庆'),(94,'东莞'),(95,'东营'),(96,'佛山'),(97,'福州'),(98,'抚顺'),(99,'赣州'),(100,'广州'),(101,'贵阳'),(102,'哈尔滨'),(103,'海口'),(104,'邯郸'),(105,'杭州'),(106,'合肥'),(107,'菏泽'),(108,'衡阳'),(109,'呼和浩特'),(110,'湖州'),(111,'怀化'),(112,'葫芦岛'),(113,'惠州'),(114,'济南'),(115,'嘉兴'),(116,'金华'),(117,'锦州'),(118,'晋城'),(119,'九江'),(120,'开封'),(121,'昆明'),(122,'兰州'),(123,'拉萨'),(124,'乐山'),(125,'连云港'),(126,'临沂'),(127,'柳州'),(128,'洛阳'),(129,'马鞍山'),(130,'茂名'),(131,'梅州'),(132,'绵阳'),(133,'南昌'),(134,'南京'),(135,'南宁'),(136,'南通'),(137,'南阳'),(138,'宁波'),(139,'莆田'),(140,'濮阳'),(141,'青岛'),(142,'清远'),(143,'泉州'),(144,'日照'),(145,'厦门'),(146,'上海'),(147,'深圳'),(148,'沈阳'),(149,'石家庄'),(150,'绍兴'),(151,'深圳'),(152,'苏州'),(153,'泰安'),(154,'太原'),(155,'唐山'),(156,'天津'),(157,'威海'),(158,'潍坊'),(159,'温州'),(160,'无锡'),(161,'芜湖'),(162,'武汉'),(163,'西安'),(164,'厦门'),(165,'湘潭'),(166,'襄阳'),(167,'西宁'),(168,'徐州'),(169,'扬州'),(170,'盐城'),(171,'烟台'),(172,'宜宾'),(173,'宜昌'),(174,'银川'),(175,'岳阳'),(176,'湛江'),(177,'肇庆'),(178,'镇江'),(179,'郑州'),(180,'中山'),(181,'舟山'),(182,'珠海'),(183,'株洲'),(184,'淄博'),(185,'遵义');
/*!40000 ALTER TABLE `stopcities` ENABLE KEYS */;
UNLOCK TABLES;

--
-- Table structure for table `ticket`
--

DROP TABLE IF EXISTS `ticket`;
/*!40101 SET @saved_cs_client     = @@character_set_client */;
/*!50503 SET character_set_client = utf8mb4 */;
CREATE TABLE `ticket` (
  `num` int(11) NOT NULL AUTO_INCREMENT,
  `ticketnum` varchar(45) CHARACTER SET utf8mb4 COLLATE utf8mb4_0900_ai_ci NOT NULL,
  `id` varchar(45) CHARACTER SET utf8mb4 COLLATE utf8mb4_0900_ai_ci NOT NULL,
  `flight_id` varchar(45) CHARACTER SET utf8mb4 COLLATE utf8mb4_0900_ai_ci NOT NULL,
  `class` varchar(45) CHARACTER SET utf8mb4 COLLATE utf8mb4_0900_ai_ci NOT NULL,
  `status` int(11) DEFAULT '0',
  `pa_id` varchar(45) CHARACTER SET utf8mb4 COLLATE utf8mb4_0900_ai_ci DEFAULT NULL,
  `pa_name` varchar(45) CHARACTER SET utf8mb4 COLLATE utf8mb4_0900_ai_ci DEFAULT NULL,
  PRIMARY KEY (`num`) USING BTREE,
  KEY `fk_ticket_flight` (`flight_id`) USING BTREE,
  KEY `fk_ticket_passenger` (`id`) USING BTREE,
  CONSTRAINT `fk_ticket_flight` FOREIGN KEY (`flight_id`) REFERENCES `flight_info` (`flight_id`) ON DELETE RESTRICT ON UPDATE RESTRICT,
  CONSTRAINT `fk_ticket_passenger` FOREIGN KEY (`id`) REFERENCES `passenger` (`passenger_id`) ON DELETE RESTRICT ON UPDATE RESTRICT
) ENGINE=InnoDB AUTO_INCREMENT=185 DEFAULT CHARSET=utf8mb4 COLLATE=utf8mb4_0900_ai_ci ROW_FORMAT=DYNAMIC;
/*!40101 SET character_set_client = @saved_cs_client */;

--
-- Dumping data for table `ticket`
--

LOCK TABLES `ticket` WRITE;
/*!40000 ALTER TABLE `ticket` DISABLE KEYS */;
INSERT INTO `ticket` VALUES (23,'35773063790','110','CA002','经济舱',0,NULL,NULL),(38,'80338414858','12345678901','CZ234','经济舱',0,NULL,NULL),(44,'06506898447','1','CZ004','商务舱',1,NULL,NULL),(45,'72654295197','1','MU569','经济舱',1,NULL,NULL),(46,'44825461115','1','MU569','经济舱',0,NULL,NULL),(48,'13276968752','1','CA237','经济舱',1,'110','警察'),(49,'13276968752','1','CA237','经济舱',1,'123214224','砰砰砰'),(50,'13276968752','1','CA237','经济舱',1,'987','该合同'),(51,'00357686967','1','CA237','经济舱',0,NULL,NULL),(52,'68908781486','1','CA237','经济舱',0,NULL,NULL),(55,'49800978026','1','MU569','经济舱',1,NULL,NULL),(56,'93445995372','1','MU001','经济舱',1,NULL,NULL),(57,'93099708208','1','MU001','经济舱',0,NULL,NULL),(58,'71310025627','1','MU001','经济舱',1,NULL,NULL),(64,'93753284502','1','GJ019','经济舱',1,NULL,NULL),(65,'20900475197','1','CZ014','经济舱',1,NULL,NULL),(66,'13075926246','1','KY010','商务舱',1,NULL,NULL),(73,'56754589245','1','MU511','商务舱',1,NULL,NULL),(76,'74198969584','1','KY010','经济舱',0,NULL,NULL),(92,'57832282949','11111111112','GJ108','经济舱',1,'11111111113','csh'),(94,'92423711991','11111111112','GJ108','经济舱',1,'11111111113','csh'),(96,'75973829253','11111111112','GJ108','经济舱',1,'11111111113','csh'),(146,'32536184794','1','SC609','头等舱',1,'123214224','砰砰砰'),(147,'32536184794','1','SC609','头等舱',1,'131324','jfgj'),(148,'53441145513','1','SC519','头等舱',0,NULL,NULL),(153,'45487056547','1','GS020','头等舱',1,'123214224','砰砰砰'),(154,'45487056547','1','GS020','头等舱',1,'131324','jfgj'),(156,'09736594248','1','ZH107','经济舱',1,'123214224','砰砰砰'),(157,'09736594248','1','ZH107','经济舱',1,'131324','jfgj'),(162,'26960173308','1','GJ518','经济舱',1,'123214224','砰砰砰'),(163,'26960173308','1','GJ518','经济舱',1,'131324','jfgj'),(165,'97558379948','110','HU504','经济舱',0,NULL,NULL),(166,'22075710794','110','HU504','头等舱',1,NULL,NULL),(167,'35466196735','110','HU504','经济舱',0,NULL,NULL),(168,'40144301228','110','CZ103','商务舱',0,NULL,NULL),(169,'13203237709','110','CZ103','头等舱',0,NULL,NULL),(170,'25405083259','110','CZ103','头等舱',0,NULL,NULL),(171,'20223412477','110','SC009','头等舱',0,NULL,NULL),(172,'15584138862','110','HU514','商务舱',1,NULL,NULL),(173,'22225873539','110','GS110','商务舱',1,NULL,NULL),(175,'43290728135','11111111112','GS020','经济舱',1,'11111111113','csh'),(179,'01728978961','11111111112','GJ108','头等舱',1,'11111111113','csh'),(181,'68022167634','11111111112','GJ108','商务舱',0,'11111111113','csh'),(182,'15508388472','11111111112','GS310','经济舱',0,NULL,NULL),(183,'57325559679','11111111112','ZH107','经济舱',1,NULL,NULL);
/*!40000 ALTER TABLE `ticket` ENABLE KEYS */;
UNLOCK TABLES;
/*!40103 SET TIME_ZONE=@OLD_TIME_ZONE */;

/*!40101 SET SQL_MODE=@OLD_SQL_MODE */;
/*!40014 SET FOREIGN_KEY_CHECKS=@OLD_FOREIGN_KEY_CHECKS */;
/*!40014 SET UNIQUE_CHECKS=@OLD_UNIQUE_CHECKS */;
/*!40101 SET CHARACTER_SET_CLIENT=@OLD_CHARACTER_SET_CLIENT */;
/*!40101 SET CHARACTER_SET_RESULTS=@OLD_CHARACTER_SET_RESULTS */;
/*!40101 SET COLLATION_CONNECTION=@OLD_COLLATION_CONNECTION */;
/*!40111 SET SQL_NOTES=@OLD_SQL_NOTES */;

-- Dump completed on 2025-07-12 14:56:16
